QRSID	RSID	CHR	POS1	POS2	DIST	R2	D	DPRIME	MAJOR	MINOR	MAF	CMMB	CM
rs184647636	rs184647636	11	61321714	61321714	0	1	1	1	G	A	0.00131926	0.208654	70.1767
rs184647636	rs192113379	11	61321714	61322762	1048	1	0.00131752	1	C	T	0.00131926	0.202559	70.1769
rs117688325	rs117688325	11	61321878	61321878	0	1	1	1	C	T	0.0171504	0.202559	70.1767
rs138708160	rs138708160	11	61321898	61321898	0	1	1	1	G	A	0.00659631	0.202559	70.1767
rs181361244	rs181361244	11	61322064	61322064	0	1	1	1	A	G	0.00131926	0.202559	70.1767
rs185638530	rs185638530	11	61322371	61322371	0	1	1	1	G	A	0.00527704	0.202559	70.1768
rs59291208	rs59291208	11	61322479	61322479	0	1	1	1	G	A	0.00131926	0.202559	70.1768
rs186440413	rs186440413	11	61322647	61322647	0	1	1	1	C	T	0.0158311	0.202559	70.1769
rs192113379	rs184647636	11	61322762	61321714	-1048	1	0.00131752	1	G	A	0.00131926	0.208654	70.1767
rs192113379	rs192113379	11	61322762	61322762	0	1	1	1	C	T	0.00131926	0.202559	70.1769
rs56188017	rs56188017	11	61322832	61322832	0	1	1	1	G	C	0.122691	0.202559	70.1769
rs78117311	rs78117311	11	61323153	61323153	0	1	1	1	G	C	0.025066	0.202559	70.177
rs78117311	rs148440811	11	61323153	61323904	751	1	0.0244377	1	G	A	0.025066	0.202559	70.1771
rs78117311	rs113511282	11	61323153	61324042	889	1	0.0244377	1	C	T	0.025066	0.202559	70.1771
rs78117311	rs78066330	11	61323153	61324637	1484	1	0.0244377	1	T	G	0.025066	0.202559	70.1773
rs78117311	rs57347248	11	61323153	61324824	1671	0.821616	0.0243054	1	A	G	0.030343	0.202559	70.1773
rs78117311	rs11230738	11	61323153	61325413	2260	1	0.0244377	1	G	A	0.025066	0.202559	70.1774
rs78117311	rs11821317	11	61323153	61325957	2804	0.696086	0.0241731	1	T	C	0.0356201	0.171612	70.1775
rs78117311	rs11821795	11	61323153	61326009	2856	0.229857	0.0100911	0.56041	T	C	0.0184697	0.171612	70.1775
rs78117311	rs149174461	11	61323153	61326925	3772	1	0.0244377	1	C	G	0.025066	0.171612	70.1777
rs78117311	rs138453760	11	61323153	61327712	4559	1	0.0244377	1	T	C	0.025066	0.150515	70.1778
rs78117311	rs76858238	11	61323153	61327838	4685	0.821616	0.0243054	1	T	C	0.030343	0.150515	70.1778
rs78117311	rs12278804	11	61323153	61328732	5579	1	0.0244377	1	C	G	0.025066	0.150515	70.178
rs78117311	rs77386435	11	61323153	61329485	6332	0.948714	0.0244046	1	C	T	0.0263852	0.135911	70.1781
rs78117311	rs78887107	11	61323153	61329610	6457	1	0.0244377	1	C	T	0.025066	0.135911	70.1781
rs78117311	rs57825249	11	61323153	61329781	6628	1	0.0244377	1	T	C	0.025066	0.135911	70.1781
rs78117311	rs77773294	11	61323153	61330204	7051	1	0.0244377	1	G	A	0.025066	0.135911	70.1782
rs78117311	rs75047338	11	61323153	61330977	7824	0.821616	0.0243054	1	A	G	0.030343	0.136619	70.1783
rs78117311	rs74735508	11	61323153	61331343	8190	1	0.0244377	1	C	A	0.025066	0.136619	70.1783
rs431631	rs431631	11	61323345	61323345	0	1	1	1	T	C	0.113456	0.202559	70.177
rs431631	rs418308	11	61323345	61326214	2869	0.332576	0.0726847	0.79738	C	T	0.19657	0.171612	70.1776
rs190727364	rs190727364	11	61323521	61323521	0	1	1	1	G	T	0.00527704	0.202559	70.177
rs190727364	rs57347248	11	61323521	61324824	1303	0.169531	0.00511692	1	A	G	0.030343	0.202559	70.1773
rs190727364	rs11821795	11	61323521	61326009	2488	0.281925	0.00517958	1	T	C	0.0184697	0.171612	70.1775
rs190727364	rs184247931	11	61323521	61326772	3251	1	0.0052492	1	G	A	0.00527704	0.171612	70.1777
rs190727364	rs76858238	11	61323521	61327838	4317	0.169531	0.00511692	1	T	C	0.030343	0.150515	70.1778
rs190727364	rs191120111	11	61323521	61329547	6026	1	0.0052492	1	C	T	0.00527704	0.135911	70.1781
rs190727364	rs182522257	11	61323521	61330359	6838	1	0.0052492	1	A	C	0.00527704	0.135911	70.1782
rs190727364	rs75047338	11	61323521	61330977	7456	0.169531	0.00511692	1	A	G	0.030343	0.136619	70.1783
rs144496851	rs144496851	11	61323611	61323611	0	1	1	1	G	C	0.00131926	0.202559	70.1771
rs144496851	rs139669897	11	61323611	61325959	2348	0.198943	0.00131056	1	C	T	0.00659631	0.171612	70.1775
rs113204930	rs113204930	11	61323815	61323815	0	1	1	1	C	T	0.00131926	0.202559	70.1771
rs113204930	rs12276617	11	61323815	61327107	3292	1	0.00131752	1	C	T	0.00131926	0.171612	70.1777
rs148440811	rs78117311	11	61323904	61323153	-751	1	0.0244377	1	G	C	0.025066	0.202559	70.177
rs148440811	rs148440811	11	61323904	61323904	0	1	1	1	G	A	0.025066	0.202559	70.1771
rs148440811	rs113511282	11	61323904	61324042	138	1	0.0244377	1	C	T	0.025066	0.202559	70.1771
rs148440811	rs78066330	11	61323904	61324637	733	1	0.0244377	1	T	G	0.025066	0.202559	70.1773
rs148440811	rs57347248	11	61323904	61324824	920	0.821616	0.0243054	1	A	G	0.030343	0.202559	70.1773
rs148440811	rs11230738	11	61323904	61325413	1509	1	0.0244377	1	G	A	0.025066	0.202559	70.1774
rs148440811	rs11821317	11	61323904	61325957	2053	0.696086	0.0241731	1	T	C	0.0356201	0.171612	70.1775
rs148440811	rs11821795	11	61323904	61326009	2105	0.229857	0.0100911	0.56041	T	C	0.0184697	0.171612	70.1775
rs148440811	rs149174461	11	61323904	61326925	3021	1	0.0244377	1	C	G	0.025066	0.171612	70.1777
rs148440811	rs138453760	11	61323904	61327712	3808	1	0.0244377	1	T	C	0.025066	0.150515	70.1778
rs148440811	rs76858238	11	61323904	61327838	3934	0.821616	0.0243054	1	T	C	0.030343	0.150515	70.1778
rs148440811	rs12278804	11	61323904	61328732	4828	1	0.0244377	1	C	G	0.025066	0.150515	70.178
rs148440811	rs77386435	11	61323904	61329485	5581	0.948714	0.0244046	1	C	T	0.0263852	0.135911	70.1781
rs148440811	rs78887107	11	61323904	61329610	5706	1	0.0244377	1	C	T	0.025066	0.135911	70.1781
rs148440811	rs57825249	11	61323904	61329781	5877	1	0.0244377	1	T	C	0.025066	0.135911	70.1781
rs148440811	rs77773294	11	61323904	61330204	6300	1	0.0244377	1	G	A	0.025066	0.135911	70.1782
rs148440811	rs75047338	11	61323904	61330977	7073	0.821616	0.0243054	1	A	G	0.030343	0.136619	70.1783
rs148440811	rs74735508	11	61323904	61331343	7439	1	0.0244377	1	C	A	0.025066	0.136619	70.1783
rs113511282	rs78117311	11	61324042	61323153	-889	1	0.0244377	1	G	C	0.025066	0.202559	70.177
rs113511282	rs148440811	11	61324042	61323904	-138	1	0.0244377	1	G	A	0.025066	0.202559	70.1771
rs113511282	rs113511282	11	61324042	61324042	0	1	1	1	C	T	0.025066	0.202559	70.1771
rs113511282	rs78066330	11	61324042	61324637	595	1	0.0244377	1	T	G	0.025066	0.202559	70.1773
rs113511282	rs57347248	11	61324042	61324824	782	0.821616	0.0243054	1	A	G	0.030343	0.202559	70.1773
rs113511282	rs11230738	11	61324042	61325413	1371	1	0.0244377	1	G	A	0.025066	0.202559	70.1774
rs113511282	rs11821317	11	61324042	61325957	1915	0.696086	0.0241731	1	T	C	0.0356201	0.171612	70.1775
rs113511282	rs11821795	11	61324042	61326009	1967	0.229857	0.0100911	0.56041	T	C	0.0184697	0.171612	70.1775
rs113511282	rs149174461	11	61324042	61326925	2883	1	0.0244377	1	C	G	0.025066	0.171612	70.1777
rs113511282	rs138453760	11	61324042	61327712	3670	1	0.0244377	1	T	C	0.025066	0.150515	70.1778
rs113511282	rs76858238	11	61324042	61327838	3796	0.821616	0.0243054	1	T	C	0.030343	0.150515	70.1778
rs113511282	rs12278804	11	61324042	61328732	4690	1	0.0244377	1	C	G	0.025066	0.150515	70.178
rs113511282	rs77386435	11	61324042	61329485	5443	0.948714	0.0244046	1	C	T	0.0263852	0.135911	70.1781
rs113511282	rs78887107	11	61324042	61329610	5568	1	0.0244377	1	C	T	0.025066	0.135911	70.1781
rs113511282	rs57825249	11	61324042	61329781	5739	1	0.0244377	1	T	C	0.025066	0.135911	70.1781
rs113511282	rs77773294	11	61324042	61330204	6162	1	0.0244377	1	G	A	0.025066	0.135911	70.1782
rs113511282	rs75047338	11	61324042	61330977	6935	0.821616	0.0243054	1	A	G	0.030343	0.136619	70.1783
rs113511282	rs74735508	11	61324042	61331343	7301	1	0.0244377	1	C	A	0.025066	0.136619	70.1783
rs150518325	rs150518325	11	61324344	61324344	0	1	1	1	C	A	0.00131926	0.202559	70.1772
rs182589824	rs182589824	11	61324444	61324444	0	1	1	1	A	T	0.00131926	0.202559	70.1772
rs78066330	rs78117311	11	61324637	61323153	-1484	1	0.0244377	1	G	C	0.025066	0.202559	70.177
rs78066330	rs148440811	11	61324637	61323904	-733	1	0.0244377	1	G	A	0.025066	0.202559	70.1771
rs78066330	rs113511282	11	61324637	61324042	-595	1	0.0244377	1	C	T	0.025066	0.202559	70.1771
rs78066330	rs78066330	11	61324637	61324637	0	1	1	1	T	G	0.025066	0.202559	70.1773
rs78066330	rs57347248	11	61324637	61324824	187	0.821616	0.0243054	1	A	G	0.030343	0.202559	70.1773
rs78066330	rs11230738	11	61324637	61325413	776	1	0.0244377	1	G	A	0.025066	0.202559	70.1774
rs78066330	rs11821317	11	61324637	61325957	1320	0.696086	0.0241731	1	T	C	0.0356201	0.171612	70.1775
rs78066330	rs11821795	11	61324637	61326009	1372	0.229857	0.0100911	0.56041	T	C	0.0184697	0.171612	70.1775
rs78066330	rs149174461	11	61324637	61326925	2288	1	0.0244377	1	C	G	0.025066	0.171612	70.1777
rs78066330	rs138453760	11	61324637	61327712	3075	1	0.0244377	1	T	C	0.025066	0.150515	70.1778
rs78066330	rs76858238	11	61324637	61327838	3201	0.821616	0.0243054	1	T	C	0.030343	0.150515	70.1778
rs78066330	rs12278804	11	61324637	61328732	4095	1	0.0244377	1	C	G	0.025066	0.150515	70.178
rs78066330	rs77386435	11	61324637	61329485	4848	0.948714	0.0244046	1	C	T	0.0263852	0.135911	70.1781
rs78066330	rs78887107	11	61324637	61329610	4973	1	0.0244377	1	C	T	0.025066	0.135911	70.1781
rs78066330	rs57825249	11	61324637	61329781	5144	1	0.0244377	1	T	C	0.025066	0.135911	70.1781
rs78066330	rs77773294	11	61324637	61330204	5567	1	0.0244377	1	G	A	0.025066	0.135911	70.1782
rs78066330	rs75047338	11	61324637	61330977	6340	0.821616	0.0243054	1	A	G	0.030343	0.136619	70.1783
rs78066330	rs74735508	11	61324637	61331343	6706	1	0.0244377	1	C	A	0.025066	0.136619	70.1783
rs57347248	rs78117311	11	61324824	61323153	-1671	0.821616	0.0243054	1	G	C	0.025066	0.202559	70.177
rs57347248	rs190727364	11	61324824	61323521	-1303	0.169531	0.00511692	1	G	T	0.00527704	0.202559	70.177
rs57347248	rs148440811	11	61324824	61323904	-920	0.821616	0.0243054	1	G	A	0.025066	0.202559	70.1771
rs57347248	rs113511282	11	61324824	61324042	-782	0.821616	0.0243054	1	C	T	0.025066	0.202559	70.1771
rs57347248	rs78066330	11	61324824	61324637	-187	0.821616	0.0243054	1	T	G	0.025066	0.202559	70.1773
rs57347248	rs57347248	11	61324824	61324824	0	1	1	1	A	G	0.030343	0.202559	70.1773
rs57347248	rs11230738	11	61324824	61325413	589	0.821616	0.0243054	1	G	A	0.025066	0.202559	70.1774
rs57347248	rs11821317	11	61324824	61325957	1133	0.5692	0.0239851	0.819663	T	C	0.0356201	0.171612	70.1775
rs57347248	rs11821795	11	61324824	61326009	1185	0.437199	0.0152707	0.852672	T	C	0.0184697	0.171612	70.1775
rs57347248	rs184247931	11	61324824	61326772	1948	0.169531	0.00511692	1	G	A	0.00527704	0.171612	70.1777
rs57347248	rs149174461	11	61324824	61326925	2101	0.821616	0.0243054	1	C	G	0.025066	0.171612	70.1777
rs57347248	rs138453760	11	61324824	61327712	2888	0.821616	0.0243054	1	T	C	0.025066	0.150515	70.1778
rs57347248	rs76858238	11	61324824	61327838	3014	1	0.0294223	1	T	C	0.030343	0.150515	70.1778
rs57347248	rs12278804	11	61324824	61328732	3908	0.821616	0.0243054	1	C	G	0.025066	0.150515	70.178
rs57347248	rs77386435	11	61324824	61329485	4661	0.77902	0.0242654	0.948435	C	T	0.0263852	0.135911	70.1781
rs57347248	rs191120111	11	61324824	61329547	4723	0.169531	0.00511692	1	C	T	0.00527704	0.135911	70.1781
rs57347248	rs78887107	11	61324824	61329610	4786	0.821616	0.0243054	1	C	T	0.025066	0.135911	70.1781
rs57347248	rs57825249	11	61324824	61329781	4957	0.821616	0.0243054	1	T	C	0.025066	0.135911	70.1781
rs57347248	rs77773294	11	61324824	61330204	5380	0.821616	0.0243054	1	G	A	0.025066	0.135911	70.1782
rs57347248	rs182522257	11	61324824	61330359	5535	0.169531	0.00511692	1	A	C	0.00527704	0.135911	70.1782
rs57347248	rs75047338	11	61324824	61330977	6153	1	0.0294223	1	A	G	0.030343	0.136619	70.1783
rs57347248	rs74735508	11	61324824	61331343	6519	0.821616	0.0243054	1	C	A	0.025066	0.136619	70.1783
rs11230738	rs78117311	11	61325413	61323153	-2260	1	0.0244377	1	G	C	0.025066	0.202559	70.177
rs11230738	rs148440811	11	61325413	61323904	-1509	1	0.0244377	1	G	A	0.025066	0.202559	70.1771
rs11230738	rs113511282	11	61325413	61324042	-1371	1	0.0244377	1	C	T	0.025066	0.202559	70.1771
rs11230738	rs78066330	11	61325413	61324637	-776	1	0.0244377	1	T	G	0.025066	0.202559	70.1773
rs11230738	rs57347248	11	61325413	61324824	-589	0.821616	0.0243054	1	A	G	0.030343	0.202559	70.1773
rs11230738	rs11230738	11	61325413	61325413	0	1	1	1	G	A	0.025066	0.202559	70.1774
rs11230738	rs11821317	11	61325413	61325957	544	0.696086	0.0241731	1	T	C	0.0356201	0.171612	70.1775
rs11230738	rs11821795	11	61325413	61326009	596	0.229857	0.0100911	0.56041	T	C	0.0184697	0.171612	70.1775
rs11230738	rs149174461	11	61325413	61326925	1512	1	0.0244377	1	C	G	0.025066	0.171612	70.1777
rs11230738	rs138453760	11	61325413	61327712	2299	1	0.0244377	1	T	C	0.025066	0.150515	70.1778
rs11230738	rs76858238	11	61325413	61327838	2425	0.821616	0.0243054	1	T	C	0.030343	0.150515	70.1778
rs11230738	rs12278804	11	61325413	61328732	3319	1	0.0244377	1	C	G	0.025066	0.150515	70.178
rs11230738	rs77386435	11	61325413	61329485	4072	0.948714	0.0244046	1	C	T	0.0263852	0.135911	70.1781
rs11230738	rs78887107	11	61325413	61329610	4197	1	0.0244377	1	C	T	0.025066	0.135911	70.1781
rs11230738	rs57825249	11	61325413	61329781	4368	1	0.0244377	1	T	C	0.025066	0.135911	70.1781
rs11230738	rs77773294	11	61325413	61330204	4791	1	0.0244377	1	G	A	0.025066	0.135911	70.1782
rs11230738	rs75047338	11	61325413	61330977	5564	0.821616	0.0243054	1	A	G	0.030343	0.136619	70.1783
rs11230738	rs74735508	11	61325413	61331343	5930	1	0.0244377	1	C	A	0.025066	0.136619	70.1783
rs188344472	rs188344472	11	61325955	61325955	0	1	1	1	T	C	0.00659631	0.171612	70.1775
rs188344472	rs11821795	11	61325955	61326009	54	0.123867	0.00383595	0.592473	T	C	0.0184697	0.171612	70.1775
rs11821317	rs78117311	11	61325957	61323153	-2804	0.696086	0.0241731	1	G	C	0.025066	0.202559	70.177
rs11821317	rs148440811	11	61325957	61323904	-2053	0.696086	0.0241731	1	G	A	0.025066	0.202559	70.1771
rs11821317	rs113511282	11	61325957	61324042	-1915	0.696086	0.0241731	1	C	T	0.025066	0.202559	70.1771
rs11821317	rs78066330	11	61325957	61324637	-1320	0.696086	0.0241731	1	T	G	0.025066	0.202559	70.1773
rs11821317	rs57347248	11	61325957	61324824	-1133	0.5692	0.0239851	0.819663	A	G	0.030343	0.202559	70.1773
rs11821317	rs11230738	11	61325957	61325413	-544	0.696086	0.0241731	1	G	A	0.025066	0.202559	70.1774
rs11821317	rs11821317	11	61325957	61325957	0	1	1	1	T	C	0.0356201	0.171612	70.1775
rs11821317	rs11821795	11	61325957	61326009	52	0.157265	0.0098962	0.555599	T	C	0.0184697	0.171612	70.1775
rs11821317	rs149174461	11	61325957	61326925	968	0.696086	0.0241731	1	C	G	0.025066	0.171612	70.1777
rs11821317	rs138453760	11	61325957	61327712	1755	0.696086	0.0241731	1	T	C	0.025066	0.150515	70.1778
rs11821317	rs76858238	11	61325957	61327838	1881	0.5692	0.0239851	0.819663	T	C	0.030343	0.150515	70.1778
rs11821317	rs12278804	11	61325957	61328732	2775	0.696086	0.0241731	1	C	G	0.025066	0.150515	70.178
rs11821317	rs77386435	11	61325957	61329485	3528	0.659606	0.0241261	0.948153	C	T	0.0263852	0.135911	70.1781
rs11821317	rs78887107	11	61325957	61329610	3653	0.696086	0.0241731	1	C	T	0.025066	0.135911	70.1781
rs11821317	rs57825249	11	61325957	61329781	3824	0.696086	0.0241731	1	T	C	0.025066	0.135911	70.1781
rs11821317	rs77773294	11	61325957	61330204	4247	0.696086	0.0241731	1	G	A	0.025066	0.135911	70.1782
rs11821317	rs75047338	11	61325957	61330977	5020	0.5692	0.0239851	0.819663	A	G	0.030343	0.136619	70.1783
rs11821317	rs74735508	11	61325957	61331343	5386	0.696086	0.0241731	1	C	A	0.025066	0.136619	70.1783
rs139669897	rs144496851	11	61325959	61323611	-2348	0.198943	0.00131056	1	G	C	0.00131926	0.202559	70.1771
rs139669897	rs139669897	11	61325959	61325959	0	1	1	1	C	T	0.00659631	0.171612	70.1775
rs11821795	rs78117311	11	61326009	61323153	-2856	0.229857	0.0100911	0.56041	G	C	0.025066	0.202559	70.177
rs11821795	rs190727364	11	61326009	61323521	-2488	0.281925	0.00517958	1	G	T	0.00527704	0.202559	70.177
rs11821795	rs148440811	11	61326009	61323904	-2105	0.229857	0.0100911	0.56041	G	A	0.025066	0.202559	70.1771
rs11821795	rs113511282	11	61326009	61324042	-1967	0.229857	0.0100911	0.56041	C	T	0.025066	0.202559	70.1771
rs11821795	rs78066330	11	61326009	61324637	-1372	0.229857	0.0100911	0.56041	T	G	0.025066	0.202559	70.1773
rs11821795	rs57347248	11	61326009	61324824	-1185	0.437199	0.0152707	0.852672	A	G	0.030343	0.202559	70.1773
rs11821795	rs11230738	11	61326009	61325413	-596	0.229857	0.0100911	0.56041	G	A	0.025066	0.202559	70.1774
rs11821795	rs188344472	11	61326009	61325955	-54	0.123867	0.00383595	0.592473	T	C	0.00659631	0.171612	70.1775
rs11821795	rs11821317	11	61326009	61325957	-52	0.157265	0.0098962	0.555599	T	C	0.0356201	0.171612	70.1775
rs11821795	rs11821795	11	61326009	61326009	0	1	1	1	T	C	0.0184697	0.171612	70.1775
rs11821795	rs184247931	11	61326009	61326772	763	0.281925	0.00517958	1	G	A	0.00527704	0.171612	70.1777
rs11821795	rs149174461	11	61326009	61326925	916	0.229857	0.0100911	0.56041	C	G	0.025066	0.171612	70.1777
rs11821795	rs138453760	11	61326009	61327712	1703	0.229857	0.0100911	0.56041	T	C	0.025066	0.150515	70.1778
rs11821795	rs76858238	11	61326009	61327838	1829	0.437199	0.0152707	0.852672	T	C	0.030343	0.150515	70.1778
rs11821795	rs12278804	11	61326009	61328732	2723	0.229857	0.0100911	0.56041	C	G	0.025066	0.150515	70.178
rs11821795	rs77386435	11	61326009	61329485	3476	0.217605	0.0100668	0.559814	C	T	0.0263852	0.135911	70.1781
rs11821795	rs191120111	11	61326009	61329547	3538	0.281925	0.00517958	1	C	T	0.00527704	0.135911	70.1781
rs11821795	rs78887107	11	61326009	61329610	3601	0.229857	0.0100911	0.56041	C	T	0.025066	0.135911	70.1781
rs11821795	rs57825249	11	61326009	61329781	3772	0.229857	0.0100911	0.56041	T	C	0.025066	0.135911	70.1781
rs11821795	rs77773294	11	61326009	61330204	4195	0.229857	0.0100911	0.56041	G	A	0.025066	0.135911	70.1782
rs11821795	rs182522257	11	61326009	61330359	4350	0.281925	0.00517958	1	A	C	0.00527704	0.135911	70.1782
rs11821795	rs75047338	11	61326009	61330977	4968	0.437199	0.0152707	0.852672	A	G	0.030343	0.136619	70.1783
rs11821795	rs74735508	11	61326009	61331343	5334	0.229857	0.0100911	0.56041	C	A	0.025066	0.136619	70.1783
rs418308	rs431631	11	61326214	61323345	-2869	0.332576	0.0726847	0.79738	T	C	0.113456	0.202559	70.177
rs418308	rs418308	11	61326214	61326214	0	1	1	1	C	T	0.19657	0.171612	70.1776
rs189588399	rs189588399	11	61326402	61326402	0	1	1	1	T	G	0.00263852	0.171612	70.1776
rs184247931	rs190727364	11	61326772	61323521	-3251	1	0.0052492	1	G	T	0.00527704	0.202559	70.177
rs184247931	rs57347248	11	61326772	61324824	-1948	0.169531	0.00511692	1	A	G	0.030343	0.202559	70.1773
rs184247931	rs11821795	11	61326772	61326009	-763	0.281925	0.00517958	1	T	C	0.0184697	0.171612	70.1775
rs184247931	rs184247931	11	61326772	61326772	0	1	1	1	G	A	0.00527704	0.171612	70.1777
rs184247931	rs76858238	11	61326772	61327838	1066	0.169531	0.00511692	1	T	C	0.030343	0.150515	70.1778
rs184247931	rs191120111	11	61326772	61329547	2775	1	0.0052492	1	C	T	0.00527704	0.135911	70.1781
rs184247931	rs182522257	11	61326772	61330359	3587	1	0.0052492	1	A	C	0.00527704	0.135911	70.1782
rs184247931	rs75047338	11	61326772	61330977	4205	0.169531	0.00511692	1	A	G	0.030343	0.136619	70.1783
rs149174461	rs78117311	11	61326925	61323153	-3772	1	0.0244377	1	G	C	0.025066	0.202559	70.177
rs149174461	rs148440811	11	61326925	61323904	-3021	1	0.0244377	1	G	A	0.025066	0.202559	70.1771
rs149174461	rs113511282	11	61326925	61324042	-2883	1	0.0244377	1	C	T	0.025066	0.202559	70.1771
rs149174461	rs78066330	11	61326925	61324637	-2288	1	0.0244377	1	T	G	0.025066	0.202559	70.1773
rs149174461	rs57347248	11	61326925	61324824	-2101	0.821616	0.0243054	1	A	G	0.030343	0.202559	70.1773
rs149174461	rs11230738	11	61326925	61325413	-1512	1	0.0244377	1	G	A	0.025066	0.202559	70.1774
rs149174461	rs11821317	11	61326925	61325957	-968	0.696086	0.0241731	1	T	C	0.0356201	0.171612	70.1775
rs149174461	rs11821795	11	61326925	61326009	-916	0.229857	0.0100911	0.56041	T	C	0.0184697	0.171612	70.1775
rs149174461	rs149174461	11	61326925	61326925	0	1	1	1	C	G	0.025066	0.171612	70.1777
rs149174461	rs138453760	11	61326925	61327712	787	1	0.0244377	1	T	C	0.025066	0.150515	70.1778
rs149174461	rs76858238	11	61326925	61327838	913	0.821616	0.0243054	1	T	C	0.030343	0.150515	70.1778
rs149174461	rs12278804	11	61326925	61328732	1807	1	0.0244377	1	C	G	0.025066	0.150515	70.178
rs149174461	rs77386435	11	61326925	61329485	2560	0.948714	0.0244046	1	C	T	0.0263852	0.135911	70.1781
rs149174461	rs78887107	11	61326925	61329610	2685	1	0.0244377	1	C	T	0.025066	0.135911	70.1781
rs149174461	rs57825249	11	61326925	61329781	2856	1	0.0244377	1	T	C	0.025066	0.135911	70.1781
rs149174461	rs77773294	11	61326925	61330204	3279	1	0.0244377	1	G	A	0.025066	0.135911	70.1782
rs149174461	rs75047338	11	61326925	61330977	4052	0.821616	0.0243054	1	A	G	0.030343	0.136619	70.1783
rs149174461	rs74735508	11	61326925	61331343	4418	1	0.0244377	1	C	A	0.025066	0.136619	70.1783
rs12276617	rs113204930	11	61327107	61323815	-3292	1	0.00131752	1	C	T	0.00131926	0.202559	70.1771
rs12276617	rs12276617	11	61327107	61327107	0	1	1	1	C	T	0.00131926	0.171612	70.1777
rs188492699	rs188492699	11	61327253	61327253	0	1	1	1	C	A	0.00395778	0.150515	70.1777
rs138453760	rs78117311	11	61327712	61323153	-4559	1	0.0244377	1	G	C	0.025066	0.202559	70.177
rs138453760	rs148440811	11	61327712	61323904	-3808	1	0.0244377	1	G	A	0.025066	0.202559	70.1771
rs138453760	rs113511282	11	61327712	61324042	-3670	1	0.0244377	1	C	T	0.025066	0.202559	70.1771
rs138453760	rs78066330	11	61327712	61324637	-3075	1	0.0244377	1	T	G	0.025066	0.202559	70.1773
rs138453760	rs57347248	11	61327712	61324824	-2888	0.821616	0.0243054	1	A	G	0.030343	0.202559	70.1773
rs138453760	rs11230738	11	61327712	61325413	-2299	1	0.0244377	1	G	A	0.025066	0.202559	70.1774
rs138453760	rs11821317	11	61327712	61325957	-1755	0.696086	0.0241731	1	T	C	0.0356201	0.171612	70.1775
rs138453760	rs11821795	11	61327712	61326009	-1703	0.229857	0.0100911	0.56041	T	C	0.0184697	0.171612	70.1775
rs138453760	rs149174461	11	61327712	61326925	-787	1	0.0244377	1	C	G	0.025066	0.171612	70.1777
rs138453760	rs138453760	11	61327712	61327712	0	1	1	1	T	C	0.025066	0.150515	70.1778
rs138453760	rs76858238	11	61327712	61327838	126	0.821616	0.0243054	1	T	C	0.030343	0.150515	70.1778
rs138453760	rs12278804	11	61327712	61328732	1020	1	0.0244377	1	C	G	0.025066	0.150515	70.178
rs138453760	rs77386435	11	61327712	61329485	1773	0.948714	0.0244046	1	C	T	0.0263852	0.135911	70.1781
rs138453760	rs78887107	11	61327712	61329610	1898	1	0.0244377	1	C	T	0.025066	0.135911	70.1781
rs138453760	rs57825249	11	61327712	61329781	2069	1	0.0244377	1	T	C	0.025066	0.135911	70.1781
rs138453760	rs77773294	11	61327712	61330204	2492	1	0.0244377	1	G	A	0.025066	0.135911	70.1782
rs138453760	rs75047338	11	61327712	61330977	3265	0.821616	0.0243054	1	A	G	0.030343	0.136619	70.1783
rs138453760	rs74735508	11	61327712	61331343	3631	1	0.0244377	1	C	A	0.025066	0.136619	70.1783
rs76858238	rs78117311	11	61327838	61323153	-4685	0.821616	0.0243054	1	G	C	0.025066	0.202559	70.177
rs76858238	rs190727364	11	61327838	61323521	-4317	0.169531	0.00511692	1	G	T	0.00527704	0.202559	70.177
rs76858238	rs148440811	11	61327838	61323904	-3934	0.821616	0.0243054	1	G	A	0.025066	0.202559	70.1771
rs76858238	rs113511282	11	61327838	61324042	-3796	0.821616	0.0243054	1	C	T	0.025066	0.202559	70.1771
rs76858238	rs78066330	11	61327838	61324637	-3201	0.821616	0.0243054	1	T	G	0.025066	0.202559	70.1773
rs76858238	rs57347248	11	61327838	61324824	-3014	1	0.0294223	1	A	G	0.030343	0.202559	70.1773
rs76858238	rs11230738	11	61327838	61325413	-2425	0.821616	0.0243054	1	G	A	0.025066	0.202559	70.1774
rs76858238	rs11821317	11	61327838	61325957	-1881	0.5692	0.0239851	0.819663	T	C	0.0356201	0.171612	70.1775
rs76858238	rs11821795	11	61327838	61326009	-1829	0.437199	0.0152707	0.852672	T	C	0.0184697	0.171612	70.1775
rs76858238	rs184247931	11	61327838	61326772	-1066	0.169531	0.00511692	1	G	A	0.00527704	0.171612	70.1777
rs76858238	rs149174461	11	61327838	61326925	-913	0.821616	0.0243054	1	C	G	0.025066	0.171612	70.1777
rs76858238	rs138453760	11	61327838	61327712	-126	0.821616	0.0243054	1	T	C	0.025066	0.150515	70.1778
rs76858238	rs76858238	11	61327838	61327838	0	1	1	1	T	C	0.030343	0.150515	70.1778
rs76858238	rs12278804	11	61327838	61328732	894	0.821616	0.0243054	1	C	G	0.025066	0.150515	70.178
rs76858238	rs77386435	11	61327838	61329485	1647	0.77902	0.0242654	0.948435	C	T	0.0263852	0.135911	70.1781
rs76858238	rs191120111	11	61327838	61329547	1709	0.169531	0.00511692	1	C	T	0.00527704	0.135911	70.1781
rs76858238	rs78887107	11	61327838	61329610	1772	0.821616	0.0243054	1	C	T	0.025066	0.135911	70.1781
rs76858238	rs57825249	11	61327838	61329781	1943	0.821616	0.0243054	1	T	C	0.025066	0.135911	70.1781
rs76858238	rs77773294	11	61327838	61330204	2366	0.821616	0.0243054	1	G	A	0.025066	0.135911	70.1782
rs76858238	rs182522257	11	61327838	61330359	2521	0.169531	0.00511692	1	A	C	0.00527704	0.135911	70.1782
rs76858238	rs75047338	11	61327838	61330977	3139	1	0.0294223	1	A	G	0.030343	0.136619	70.1783
rs76858238	rs74735508	11	61327838	61331343	3505	0.821616	0.0243054	1	C	A	0.025066	0.136619	70.1783
rs12278804	rs78117311	11	61328732	61323153	-5579	1	0.0244377	1	G	C	0.025066	0.202559	70.177
rs12278804	rs148440811	11	61328732	61323904	-4828	1	0.0244377	1	G	A	0.025066	0.202559	70.1771
rs12278804	rs113511282	11	61328732	61324042	-4690	1	0.0244377	1	C	T	0.025066	0.202559	70.1771
rs12278804	rs78066330	11	61328732	61324637	-4095	1	0.0244377	1	T	G	0.025066	0.202559	70.1773
rs12278804	rs57347248	11	61328732	61324824	-3908	0.821616	0.0243054	1	A	G	0.030343	0.202559	70.1773
rs12278804	rs11230738	11	61328732	61325413	-3319	1	0.0244377	1	G	A	0.025066	0.202559	70.1774
rs12278804	rs11821317	11	61328732	61325957	-2775	0.696086	0.0241731	1	T	C	0.0356201	0.171612	70.1775
rs12278804	rs11821795	11	61328732	61326009	-2723	0.229857	0.0100911	0.56041	T	C	0.0184697	0.171612	70.1775
rs12278804	rs149174461	11	61328732	61326925	-1807	1	0.0244377	1	C	G	0.025066	0.171612	70.1777
rs12278804	rs138453760	11	61328732	61327712	-1020	1	0.0244377	1	T	C	0.025066	0.150515	70.1778
rs12278804	rs76858238	11	61328732	61327838	-894	0.821616	0.0243054	1	T	C	0.030343	0.150515	70.1778
rs12278804	rs12278804	11	61328732	61328732	0	1	1	1	C	G	0.025066	0.150515	70.178
rs12278804	rs77386435	11	61328732	61329485	753	0.948714	0.0244046	1	C	T	0.0263852	0.135911	70.1781
rs12278804	rs78887107	11	61328732	61329610	878	1	0.0244377	1	C	T	0.025066	0.135911	70.1781
rs12278804	rs57825249	11	61328732	61329781	1049	1	0.0244377	1	T	C	0.025066	0.135911	70.1781
rs12278804	rs77773294	11	61328732	61330204	1472	1	0.0244377	1	G	A	0.025066	0.135911	70.1782
rs12278804	rs75047338	11	61328732	61330977	2245	0.821616	0.0243054	1	A	G	0.030343	0.136619	70.1783
rs12278804	rs74735508	11	61328732	61331343	2611	1	0.0244377	1	C	A	0.025066	0.136619	70.1783
rs72914260	rs72914260	11	61329117	61329117	0	1	1	1	G	A	0.0131926	0.141809	70.178
rs77386435	rs78117311	11	61329485	61323153	-6332	0.948714	0.0244046	1	G	C	0.025066	0.202559	70.177
rs77386435	rs148440811	11	61329485	61323904	-5581	0.948714	0.0244046	1	G	A	0.025066	0.202559	70.1771
rs77386435	rs113511282	11	61329485	61324042	-5443	0.948714	0.0244046	1	C	T	0.025066	0.202559	70.1771
rs77386435	rs78066330	11	61329485	61324637	-4848	0.948714	0.0244046	1	T	G	0.025066	0.202559	70.1773
rs77386435	rs57347248	11	61329485	61324824	-4661	0.77902	0.0242654	0.948435	A	G	0.030343	0.202559	70.1773
rs77386435	rs11230738	11	61329485	61325413	-4072	0.948714	0.0244046	1	G	A	0.025066	0.202559	70.1774
rs77386435	rs11821317	11	61329485	61325957	-3528	0.659606	0.0241261	0.948153	T	C	0.0356201	0.171612	70.1775
rs77386435	rs11821795	11	61329485	61326009	-3476	0.217605	0.0100668	0.559814	T	C	0.0184697	0.171612	70.1775
rs77386435	rs149174461	11	61329485	61326925	-2560	0.948714	0.0244046	1	C	G	0.025066	0.171612	70.1777
rs77386435	rs138453760	11	61329485	61327712	-1773	0.948714	0.0244046	1	T	C	0.025066	0.150515	70.1778
rs77386435	rs76858238	11	61329485	61327838	-1647	0.77902	0.0242654	0.948435	T	C	0.030343	0.150515	70.1778
rs77386435	rs12278804	11	61329485	61328732	-753	0.948714	0.0244046	1	C	G	0.025066	0.150515	70.178
rs77386435	rs77386435	11	61329485	61329485	0	1	1	1	C	T	0.0263852	0.135911	70.1781
rs77386435	rs78887107	11	61329485	61329610	125	0.948714	0.0244046	1	C	T	0.025066	0.135911	70.1781
rs77386435	rs57825249	11	61329485	61329781	296	0.948714	0.0244046	1	T	C	0.025066	0.135911	70.1781
rs77386435	rs77773294	11	61329485	61330204	719	0.948714	0.0244046	1	G	A	0.025066	0.135911	70.1782
rs77386435	rs75047338	11	61329485	61330977	1492	0.77902	0.0242654	0.948435	A	G	0.030343	0.136619	70.1783
rs77386435	rs74735508	11	61329485	61331343	1858	0.948714	0.0244046	1	C	A	0.025066	0.136619	70.1783
rs191120111	rs190727364	11	61329547	61323521	-6026	1	0.0052492	1	G	T	0.00527704	0.202559	70.177
rs191120111	rs57347248	11	61329547	61324824	-4723	0.169531	0.00511692	1	A	G	0.030343	0.202559	70.1773
rs191120111	rs11821795	11	61329547	61326009	-3538	0.281925	0.00517958	1	T	C	0.0184697	0.171612	70.1775
rs191120111	rs184247931	11	61329547	61326772	-2775	1	0.0052492	1	G	A	0.00527704	0.171612	70.1777
rs191120111	rs76858238	11	61329547	61327838	-1709	0.169531	0.00511692	1	T	C	0.030343	0.150515	70.1778
rs191120111	rs191120111	11	61329547	61329547	0	1	1	1	C	T	0.00527704	0.135911	70.1781
rs191120111	rs182522257	11	61329547	61330359	812	1	0.0052492	1	A	C	0.00527704	0.135911	70.1782
rs191120111	rs75047338	11	61329547	61330977	1430	0.169531	0.00511692	1	A	G	0.030343	0.136619	70.1783
rs78887107	rs78117311	11	61329610	61323153	-6457	1	0.0244377	1	G	C	0.025066	0.202559	70.177
rs78887107	rs148440811	11	61329610	61323904	-5706	1	0.0244377	1	G	A	0.025066	0.202559	70.1771
rs78887107	rs113511282	11	61329610	61324042	-5568	1	0.0244377	1	C	T	0.025066	0.202559	70.1771
rs78887107	rs78066330	11	61329610	61324637	-4973	1	0.0244377	1	T	G	0.025066	0.202559	70.1773
rs78887107	rs57347248	11	61329610	61324824	-4786	0.821616	0.0243054	1	A	G	0.030343	0.202559	70.1773
rs78887107	rs11230738	11	61329610	61325413	-4197	1	0.0244377	1	G	A	0.025066	0.202559	70.1774
rs78887107	rs11821317	11	61329610	61325957	-3653	0.696086	0.0241731	1	T	C	0.0356201	0.171612	70.1775
rs78887107	rs11821795	11	61329610	61326009	-3601	0.229857	0.0100911	0.56041	T	C	0.0184697	0.171612	70.1775
rs78887107	rs149174461	11	61329610	61326925	-2685	1	0.0244377	1	C	G	0.025066	0.171612	70.1777
rs78887107	rs138453760	11	61329610	61327712	-1898	1	0.0244377	1	T	C	0.025066	0.150515	70.1778
rs78887107	rs76858238	11	61329610	61327838	-1772	0.821616	0.0243054	1	T	C	0.030343	0.150515	70.1778
rs78887107	rs12278804	11	61329610	61328732	-878	1	0.0244377	1	C	G	0.025066	0.150515	70.178
rs78887107	rs77386435	11	61329610	61329485	-125	0.948714	0.0244046	1	C	T	0.0263852	0.135911	70.1781
rs78887107	rs78887107	11	61329610	61329610	0	1	1	1	C	T	0.025066	0.135911	70.1781
rs78887107	rs57825249	11	61329610	61329781	171	1	0.0244377	1	T	C	0.025066	0.135911	70.1781
rs78887107	rs77773294	11	61329610	61330204	594	1	0.0244377	1	G	A	0.025066	0.135911	70.1782
rs78887107	rs75047338	11	61329610	61330977	1367	0.821616	0.0243054	1	A	G	0.030343	0.136619	70.1783
rs78887107	rs74735508	11	61329610	61331343	1733	1	0.0244377	1	C	A	0.025066	0.136619	70.1783
rs71490330	rs71490330	11	61329717	61329717	0	1	1	1	T	C	0.00527704	0.135911	70.1781
rs57825249	rs78117311	11	61329781	61323153	-6628	1	0.0244377	1	G	C	0.025066	0.202559	70.177
rs57825249	rs148440811	11	61329781	61323904	-5877	1	0.0244377	1	G	A	0.025066	0.202559	70.1771
rs57825249	rs113511282	11	61329781	61324042	-5739	1	0.0244377	1	C	T	0.025066	0.202559	70.1771
rs57825249	rs78066330	11	61329781	61324637	-5144	1	0.0244377	1	T	G	0.025066	0.202559	70.1773
rs57825249	rs57347248	11	61329781	61324824	-4957	0.821616	0.0243054	1	A	G	0.030343	0.202559	70.1773
rs57825249	rs11230738	11	61329781	61325413	-4368	1	0.0244377	1	G	A	0.025066	0.202559	70.1774
rs57825249	rs11821317	11	61329781	61325957	-3824	0.696086	0.0241731	1	T	C	0.0356201	0.171612	70.1775
rs57825249	rs11821795	11	61329781	61326009	-3772	0.229857	0.0100911	0.56041	T	C	0.0184697	0.171612	70.1775
rs57825249	rs149174461	11	61329781	61326925	-2856	1	0.0244377	1	C	G	0.025066	0.171612	70.1777
rs57825249	rs138453760	11	61329781	61327712	-2069	1	0.0244377	1	T	C	0.025066	0.150515	70.1778
rs57825249	rs76858238	11	61329781	61327838	-1943	0.821616	0.0243054	1	T	C	0.030343	0.150515	70.1778
rs57825249	rs12278804	11	61329781	61328732	-1049	1	0.0244377	1	C	G	0.025066	0.150515	70.178
rs57825249	rs77386435	11	61329781	61329485	-296	0.948714	0.0244046	1	C	T	0.0263852	0.135911	70.1781
rs57825249	rs78887107	11	61329781	61329610	-171	1	0.0244377	1	C	T	0.025066	0.135911	70.1781
rs57825249	rs57825249	11	61329781	61329781	0	1	1	1	T	C	0.025066	0.135911	70.1781
rs57825249	rs77773294	11	61329781	61330204	423	1	0.0244377	1	G	A	0.025066	0.135911	70.1782
rs57825249	rs75047338	11	61329781	61330977	1196	0.821616	0.0243054	1	A	G	0.030343	0.136619	70.1783
rs57825249	rs74735508	11	61329781	61331343	1562	1	0.0244377	1	C	A	0.025066	0.136619	70.1783
rs77773294	rs78117311	11	61330204	61323153	-7051	1	0.0244377	1	G	C	0.025066	0.202559	70.177
rs77773294	rs148440811	11	61330204	61323904	-6300	1	0.0244377	1	G	A	0.025066	0.202559	70.1771
rs77773294	rs113511282	11	61330204	61324042	-6162	1	0.0244377	1	C	T	0.025066	0.202559	70.1771
rs77773294	rs78066330	11	61330204	61324637	-5567	1	0.0244377	1	T	G	0.025066	0.202559	70.1773
rs77773294	rs57347248	11	61330204	61324824	-5380	0.821616	0.0243054	1	A	G	0.030343	0.202559	70.1773
rs77773294	rs11230738	11	61330204	61325413	-4791	1	0.0244377	1	G	A	0.025066	0.202559	70.1774
rs77773294	rs11821317	11	61330204	61325957	-4247	0.696086	0.0241731	1	T	C	0.0356201	0.171612	70.1775
rs77773294	rs11821795	11	61330204	61326009	-4195	0.229857	0.0100911	0.56041	T	C	0.0184697	0.171612	70.1775
rs77773294	rs149174461	11	61330204	61326925	-3279	1	0.0244377	1	C	G	0.025066	0.171612	70.1777
rs77773294	rs138453760	11	61330204	61327712	-2492	1	0.0244377	1	T	C	0.025066	0.150515	70.1778
rs77773294	rs76858238	11	61330204	61327838	-2366	0.821616	0.0243054	1	T	C	0.030343	0.150515	70.1778
rs77773294	rs12278804	11	61330204	61328732	-1472	1	0.0244377	1	C	G	0.025066	0.150515	70.178
rs77773294	rs77386435	11	61330204	61329485	-719	0.948714	0.0244046	1	C	T	0.0263852	0.135911	70.1781
rs77773294	rs78887107	11	61330204	61329610	-594	1	0.0244377	1	C	T	0.025066	0.135911	70.1781
rs77773294	rs57825249	11	61330204	61329781	-423	1	0.0244377	1	T	C	0.025066	0.135911	70.1781
rs77773294	rs77773294	11	61330204	61330204	0	1	1	1	G	A	0.025066	0.135911	70.1782
rs77773294	rs75047338	11	61330204	61330977	773	0.821616	0.0243054	1	A	G	0.030343	0.136619	70.1783
rs77773294	rs74735508	11	61330204	61331343	1139	1	0.0244377	1	C	A	0.025066	0.136619	70.1783
rs182522257	rs190727364	11	61330359	61323521	-6838	1	0.0052492	1	G	T	0.00527704	0.202559	70.177
rs182522257	rs57347248	11	61330359	61324824	-5535	0.169531	0.00511692	1	A	G	0.030343	0.202559	70.1773
rs182522257	rs11821795	11	61330359	61326009	-4350	0.281925	0.00517958	1	T	C	0.0184697	0.171612	70.1775
rs182522257	rs184247931	11	61330359	61326772	-3587	1	0.0052492	1	G	A	0.00527704	0.171612	70.1777
rs182522257	rs76858238	11	61330359	61327838	-2521	0.169531	0.00511692	1	T	C	0.030343	0.150515	70.1778
rs182522257	rs191120111	11	61330359	61329547	-812	1	0.0052492	1	C	T	0.00527704	0.135911	70.1781
rs182522257	rs182522257	11	61330359	61330359	0	1	1	1	A	C	0.00527704	0.135911	70.1782
rs182522257	rs75047338	11	61330359	61330977	618	0.169531	0.00511692	1	A	G	0.030343	0.136619	70.1783
rs188779802	rs188779802	11	61330554	61330554	0	1	1	1	C	A	0.00395778	0.135911	70.1782
rs139554857	rs139554857	11	61330947	61330947	0	1	1	1	C	G	0.00131926	0.136619	70.1783
rs75047338	rs78117311	11	61330977	61323153	-7824	0.821616	0.0243054	1	G	C	0.025066	0.202559	70.177
rs75047338	rs190727364	11	61330977	61323521	-7456	0.169531	0.00511692	1	G	T	0.00527704	0.202559	70.177
rs75047338	rs148440811	11	61330977	61323904	-7073	0.821616	0.0243054	1	G	A	0.025066	0.202559	70.1771
rs75047338	rs113511282	11	61330977	61324042	-6935	0.821616	0.0243054	1	C	T	0.025066	0.202559	70.1771
rs75047338	rs78066330	11	61330977	61324637	-6340	0.821616	0.0243054	1	T	G	0.025066	0.202559	70.1773
rs75047338	rs57347248	11	61330977	61324824	-6153	1	0.0294223	1	A	G	0.030343	0.202559	70.1773
rs75047338	rs11230738	11	61330977	61325413	-5564	0.821616	0.0243054	1	G	A	0.025066	0.202559	70.1774
rs75047338	rs11821317	11	61330977	61325957	-5020	0.5692	0.0239851	0.819663	T	C	0.0356201	0.171612	70.1775
rs75047338	rs11821795	11	61330977	61326009	-4968	0.437199	0.0152707	0.852672	T	C	0.0184697	0.171612	70.1775
rs75047338	rs184247931	11	61330977	61326772	-4205	0.169531	0.00511692	1	G	A	0.00527704	0.171612	70.1777
rs75047338	rs149174461	11	61330977	61326925	-4052	0.821616	0.0243054	1	C	G	0.025066	0.171612	70.1777
rs75047338	rs138453760	11	61330977	61327712	-3265	0.821616	0.0243054	1	T	C	0.025066	0.150515	70.1778
rs75047338	rs76858238	11	61330977	61327838	-3139	1	0.0294223	1	T	C	0.030343	0.150515	70.1778
rs75047338	rs12278804	11	61330977	61328732	-2245	0.821616	0.0243054	1	C	G	0.025066	0.150515	70.178
rs75047338	rs77386435	11	61330977	61329485	-1492	0.77902	0.0242654	0.948435	C	T	0.0263852	0.135911	70.1781
rs75047338	rs191120111	11	61330977	61329547	-1430	0.169531	0.00511692	1	C	T	0.00527704	0.135911	70.1781
rs75047338	rs78887107	11	61330977	61329610	-1367	0.821616	0.0243054	1	C	T	0.025066	0.135911	70.1781
rs75047338	rs57825249	11	61330977	61329781	-1196	0.821616	0.0243054	1	T	C	0.025066	0.135911	70.1781
rs75047338	rs77773294	11	61330977	61330204	-773	0.821616	0.0243054	1	G	A	0.025066	0.135911	70.1782
rs75047338	rs182522257	11	61330977	61330359	-618	0.169531	0.00511692	1	A	C	0.00527704	0.135911	70.1782
rs75047338	rs75047338	11	61330977	61330977	0	1	1	1	A	G	0.030343	0.136619	70.1783
rs75047338	rs74735508	11	61330977	61331343	366	0.821616	0.0243054	1	C	A	0.025066	0.136619	70.1783
rs184103377	rs184103377	11	61331024	61331024	0	1	1	1	T	G	0.00131926	0.136619	70.1783
rs74735508	rs78117311	11	61331343	61323153	-8190	1	0.0244377	1	G	C	0.025066	0.202559	70.177
rs74735508	rs148440811	11	61331343	61323904	-7439	1	0.0244377	1	G	A	0.025066	0.202559	70.1771
rs74735508	rs113511282	11	61331343	61324042	-7301	1	0.0244377	1	C	T	0.025066	0.202559	70.1771
rs74735508	rs78066330	11	61331343	61324637	-6706	1	0.0244377	1	T	G	0.025066	0.202559	70.1773
rs74735508	rs57347248	11	61331343	61324824	-6519	0.821616	0.0243054	1	A	G	0.030343	0.202559	70.1773
rs74735508	rs11230738	11	61331343	61325413	-5930	1	0.0244377	1	G	A	0.025066	0.202559	70.1774
rs74735508	rs11821317	11	61331343	61325957	-5386	0.696086	0.0241731	1	T	C	0.0356201	0.171612	70.1775
rs74735508	rs11821795	11	61331343	61326009	-5334	0.229857	0.0100911	0.56041	T	C	0.0184697	0.171612	70.1775
rs74735508	rs149174461	11	61331343	61326925	-4418	1	0.0244377	1	C	G	0.025066	0.171612	70.1777
rs74735508	rs138453760	11	61331343	61327712	-3631	1	0.0244377	1	T	C	0.025066	0.150515	70.1778
rs74735508	rs76858238	11	61331343	61327838	-3505	0.821616	0.0243054	1	T	C	0.030343	0.150515	70.1778
rs74735508	rs12278804	11	61331343	61328732	-2611	1	0.0244377	1	C	G	0.025066	0.150515	70.178
rs74735508	rs77386435	11	61331343	61329485	-1858	0.948714	0.0244046	1	C	T	0.0263852	0.135911	70.1781
rs74735508	rs78887107	11	61331343	61329610	-1733	1	0.0244377	1	C	T	0.025066	0.135911	70.1781
rs74735508	rs57825249	11	61331343	61329781	-1562	1	0.0244377	1	T	C	0.025066	0.135911	70.1781
rs74735508	rs77773294	11	61331343	61330204	-1139	1	0.0244377	1	G	A	0.025066	0.135911	70.1782
rs74735508	rs75047338	11	61331343	61330977	-366	0.821616	0.0243054	1	A	G	0.030343	0.136619	70.1783
rs74735508	rs74735508	11	61331343	61331343	0	1	1	1	C	A	0.025066	0.136619	70.1783
